V1,V2,V3,V4,V5,V6,V7,V8,V9,V10,V11,V12,V13,V14,V15,V16,V17,V18,V19,V20,V21,V22,V23,V24,V25,V26,V27,V28,V29,V30,V31,V32,V33,V34,V35,V36,V37,V38,V39,V40,V41,V42,V43,V44,V45,V46,V47,V48,V49,V50,V51,V52,V53,V54,V55,V56,V57,V58,V59,V60,V61,V62,V63,V64,V65,V66,V67,V68,V69,V70,V71,V72,V73,V74,V75,V76,V77,V78,V79,V80,V81,V82,V83,V84,V85,V86,V87,V88,V89,V90,V91,V92,V93,V94,V95,V96,V97,V98,V99,V100,V101,V102,V103,V104,V105,V106,V107,V108,V109,V110,V111,V112,V113,V114,V115,V116,V117,V118,V119,V120,V121,V122,V123,V124,V125,V126,V127,V128,V129,V130,V131,V132,V133,V134,V135,V136,V137,V138,V139,V140,V141,V142,V143,V144,V145,V146,V147,V148,V149,V150,V151,V152,V153,V154,V155,V156,V157,V158,V159,V160,V161,V162,V163,V164,V165,V166,V167,V168,V169,V170,V171,V172,V173,V174,V175,V176,V177,V178,V179,V180,V181,V182,V183,V184,V185,V186,V187,V188,V189,V190,V191,V192,V193,V194,V195,V196,V197,V198,V199,V200,V201,V202,V203,V204,V205,V206,V207,V208,V209,V210,V211,V212,V213,V214,V215,V216,V217,V218,V219,V220,V221,V222,V223,V224,V225,V226,V227,V228,V229,V230,V231,V232,V233,V234,V235,V236,V237,V238,V239,V240,V241,V242,V243,V244,V245,V246,V247,V248,V249,V250,V251,V252,V253,V254,V255,V256,V257,V258,V259,V260,V261,V262,V263,V264,V265,V266,V267,V268,V269,V270,V271,V272,V273,V274,V275,V276,V277,V278,V279,V280,V281,V282,V283,V284,V285,V286,V287,V288,V289,V290,V291,V292,V293,V294,V295,V296,V297,V298,V299,V300,V301,V302,V303,V304,V305,V306,V307,V308,V309,V310,V311,V312,V313,V314,V315,V316,V317,V318,V319,V320,V321,V322,V323,V324,V325,V326,V327,V328,V329,V330,V331,V332,V333,V334,V335,V336,V337,V338,V339,V340,V341,V342,V343,V344,V345,V346,V347,V348,V349,V350,V351,V352,V353,V354,V355,V356,V357,V358,V359,V360,V361,V362,V363,V364,V365,V366,V367,V368,V369,V370,V371,V372,V373,V374,V375,V376,V377,V378,V379,V380,V381,V382,V383,V384,V385,V386,V387,V388,V389,V390,V391,V392,V393,V394,V395,V396,V397,V398,V399,V400,V401,V402,V403,V404,V405,V406,V407,V408,V409,V410,V411,V412,V413,V414,V415,V416,V417,V418,V419,V420,V421,V422,V423,V424,V425,V426,V427,V428,V429,V430,V431,V432,V433,V434,V435,V436,V437,V438,V439,V440,V441,V442,V443,V444,V445,V446,V447,V448,V449,V450,V451,V452,V453,V454,V455,V456,V457,V458,V459,V460,V461,V462,V463,V464,V465,V466,V467,V468,V469,V470,V471,V472,V473,V474,V475,V476,V477,V478,V479,V480,V481,V482,V483,V484,V485,V486,V487,V488,V489,V490,V491,V492,V493,V494,V495,V496,V497,V498,V499,V500
482,105,275,426,5,199,203,479,391,452,3,139,177,144,342,371,396,158,97,350,231,294,428,378,343,174,130,392,1,248,448,188,42,247,380,305,195,374,32,463,450,114,82,73,157,203,58,193,1,44,129,348,203,110,89,21,51,106,362,153,122,242,278,444,1,223,237,101,262,457,302,315,192,31,226,282,416,312,234,112,266,110,348,336,288,25,457,197,76,115,481,181,341,296,285,329,436,127,286,198,338,433,417,280,162,1,71,368,376,245,441,74,432,134,95,303,38,245,148,83,436,187,143,137,274,183,300,116,1,70,62,94,407,454,329,255,9,24,324,307,86,376,310,410,265,276,346,183,415,45,382,332,39,1,472,268,190,410,238,291,361,119,443,270,242,101,469,423,467,392,339,242,171,471,368,91,425,60,438,399,64,170,373,356,36,387,344,235,103,381,216,91,262,125,335,453,123,315,459,16,216,313,239,351,4,442,185,364,413,135,390,37,355,256,367,203,419,161,414,360,88,132,294,284,68,424,75,467,477,227,297,207,322,318,225,118,256,451,125,362,388,1,399,22,58,65,172,460,356,431,93,80,463,404,426,78,138,412,428,97,288,445,164,208,79,294,221,211,183,291,278,236,384,333,394,326,480,34,17,83,474,1,8,466,108,23,39,206,455,320,249,310,365,421,141,215,10,408,7,372,259,176,386,46,121,282,50,174,259,66,127,286,262,110,151,250,397,315,1,218,227,29,211,14,336,455,167,401,370,25,150,299,475,69,28,214,1,277,1,354,282,169,119,43,307,417,310,191,13,72,376,326,30,399,239,317,272,465,101,91,320,63,322,81,449,189,229,194,389,334,53,378,99,259,67,159,438,11,1,220,434,165,56,229,41,420,139,473,348,168,404,200,461,358,447,264,430,213,156,436,409,382,470,163,477,269,112,446,251,200,48,14,55,27,87,231,155,6,222,52,57,266,272,476,18,60,253,403,329,291,20,2,136,1,185,177,147,385,301,394,344,130,1,179,76,305,172,351,251,402,318,1,422,1,104,12,46,19,152,339,329,224,116,142,133,303,179,144,85,154,254,125,1,462,219,1,366,209,97,359,35,32,270,149,297,406,233,195,160,326,107,440,353,1,54,210,49,166,146,242
483,286,382,400,7,171,195,477,335,453,3,197,103,162,241,418,386,342,150,326,439,344,447,229,301,177,124,371,2,262,435,155,54,310,241,282,240,273,29,476,456,216,139,101,52,203,46,191,1,84,231,354,310,258,75,24,63,158,397,347,170,430,342,448,1,80,203,318,134,450,375,159,174,43,91,274,405,245,233,83,425,100,356,208,369,87,452,184,172,107,482,365,402,387,430,323,465,210,313,331,363,420,432,432,180,1,85,412,407,180,409,144,329,303,119,334,24,335,247,46,428,210,190,320,239,82,249,31,1,187,73,66,389,459,153,363,14,11,399,201,123,197,424,379,155,295,406,131,373,16,228,187,35,1,464,146,346,320,301,167,397,71,359,238,108,258,471,391,474,427,380,322,187,473,310,70,155,51,280,349,142,169,261,292,61,304,409,220,167,449,148,110,94,200,337,382,155,382,466,22,363,132,409,247,4,451,91,129,392,133,317,69,438,263,382,164,250,194,295,411,184,269,253,265,38,299,78,461,479,223,393,218,437,389,135,67,315,442,267,429,246,1,219,10,36,122,201,434,127,199,50,58,454,353,412,278,138,175,341,48,307,283,129,329,95,236,286,358,118,271,378,125,255,216,404,420,471,57,26,196,468,1,7,457,151,18,27,140,457,385,277,237,338,455,103,140,12,223,5,182,298,114,229,28,165,278,105,393,257,75,96,436,401,102,116,256,403,223,1,395,351,46,281,19,327,460,263,338,290,59,114,189,478,163,23,276,1,265,1,377,152,269,225,63,288,417,307,60,14,49,443,344,65,348,369,440,113,466,56,109,350,127,161,97,461,210,213,205,425,260,53,191,252,271,87,112,444,19,1,216,440,328,72,137,30,213,283,470,299,89,372,267,463,316,446,206,375,125,305,423,285,323,475,275,480,331,120,375,310,81,32,13,79,77,42,289,420,6,193,37,98,221,212,481,21,39,368,178,361,366,33,9,159,1,143,120,91,416,293,445,333,86,1,235,61,243,306,297,319,325,314,1,422,1,116,17,91,44,40,354,340,226,136,145,253,231,105,74,55,243,360,148,1,468,357,1,387,175,99,414,111,34,147,178,206,415,352,294,250,227,165,367,397,1,41,182,67,233,290,173
482,139,227,434,12,67,167,474,363,446,4,314,114,277,214,423,230,348,89,348,330,400,431,350,283,83,147,438,7,294,449,143,47,252,226,172,266,280,41,471,455,77,254,99,60,216,71,211,1,31,219,318,222,224,160,10,51,109,421,224,146,174,192,441,1,286,348,202,204,429,437,254,314,49,328,157,424,246,316,154,367,153,331,274,237,165,413,318,92,151,480,300,321,328,303,292,461,147,288,333,439,439,401,355,159,1,250,245,436,353,384,57,397,386,106,274,33,198,230,91,362,311,458,404,323,103,342,39,1,132,120,67,432,452,133,365,4,27,402,198,116,335,280,333,299,241,404,150,409,28,357,192,63,1,466,283,213,407,195,243,343,78,240,359,112,115,472,375,475,419,306,84,230,467,333,119,182,29,389,314,40,312,378,427,55,345,341,172,274,450,293,158,97,112,363,448,143,413,462,26,253,49,295,373,8,433,82,244,407,176,411,97,274,268,375,285,266,151,338,396,270,164,235,127,84,289,66,464,477,72,412,404,379,392,129,188,371,422,128,429,387,1,371,18,45,100,233,455,262,343,45,70,460,371,442,186,248,183,395,110,234,399,170,177,183,87,246,260,200,154,201,187,205,138,426,379,481,21,41,339,475,1,11,468,175,23,16,185,445,388,265,156,277,382,207,192,13,409,6,177,124,118,209,65,377,353,103,406,197,58,72,324,220,107,181,394,325,135,1,194,310,30,171,4,374,454,337,383,416,63,74,369,469,90,38,161,1,263,1,207,139,122,168,36,136,444,221,24,14,53,443,297,86,391,250,320,163,465,133,141,308,32,236,79,447,165,350,79,361,259,101,228,280,263,141,207,428,15,1,112,418,211,69,218,43,398,105,470,296,93,452,124,450,169,457,280,318,108,274,435,416,425,472,96,477,301,87,459,308,180,20,17,60,37,188,241,179,2,216,34,74,326,149,479,25,19,256,322,258,356,49,9,271,1,120,131,76,216,360,381,368,261,1,123,54,336,230,326,195,389,357,1,291,1,305,1,95,35,93,202,345,222,62,117,190,286,308,130,43,352,145,81,1,463,384,1,393,162,126,416,297,22,268,101,250,339,290,301,137,256,56,420,238,1,51,304,59,210,239,365
482,202,236,429,7,367,73,473,424,428,3,116,203,413,155,347,364,182,75,326,370,235,444,396,260,157,134,448,1,207,446,135,45,284,385,119,126,382,43,450,440,115,86,92,61,328,139,270,1,101,187,229,232,165,198,13,70,380,399,221,69,153,284,422,1,298,160,204,131,442,380,329,248,84,289,252,443,90,321,118,398,177,345,224,250,41,439,262,136,292,481,168,287,420,412,273,463,144,282,276,423,433,286,331,156,1,70,243,427,256,401,58,337,366,108,375,24,189,200,32,387,144,391,263,351,63,332,32,1,100,77,78,377,453,274,393,11,10,339,295,51,283,375,421,325,231,275,127,375,18,312,190,40,1,467,106,244,436,281,86,317,107,302,237,133,258,471,430,462,240,319,370,137,457,354,67,357,21,313,157,49,269,206,419,55,270,272,292,110,452,227,227,125,124,417,449,161,214,469,19,290,120,372,194,2,458,260,212,362,324,416,79,296,171,358,415,403,146,253,384,168,192,263,204,65,360,29,459,476,196,437,390,438,388,332,221,232,461,216,266,224,1,302,8,81,192,339,466,82,388,143,109,460,330,454,112,95,431,343,175,426,407,99,319,53,132,318,395,221,212,299,257,159,251,409,408,478,35,53,103,476,1,12,470,128,16,26,150,463,354,199,266,406,403,88,314,13,349,4,341,128,216,316,29,345,152,93,383,174,104,120,342,410,105,244,208,425,218,1,247,414,62,268,17,238,450,277,400,178,51,49,304,468,35,37,347,1,200,1,265,141,178,187,44,327,364,305,60,20,25,308,354,194,394,310,305,171,465,166,98,242,102,308,47,435,255,349,116,373,405,66,392,192,259,72,75,418,23,1,187,410,308,42,163,39,380,171,475,180,185,447,182,456,196,445,110,367,280,234,455,441,290,473,173,479,300,184,360,345,315,32,9,56,63,75,253,221,6,246,57,122,141,335,480,38,22,370,301,153,278,28,5,182,1,96,336,91,310,248,294,337,97,1,176,67,114,356,149,238,403,363,1,322,1,89,15,85,27,82,377,241,278,59,122,164,216,150,130,141,287,219,161,1,473,334,1,432,209,94,322,168,34,358,148,211,434,386,230,210,296,49,397,351,1,46,227,80,138,147,113
482,117,219,426,5,185,129,477,404,416,2,179,263,296,340,375,275,320,97,277,354,406,448,336,152,142,83,437,1,80,380,106,44,224,311,193,292,328,27,463,458,287,111,115,131,215,74,256,1,70,202,235,178,409,66,18,36,168,362,402,71,86,410,457,1,198,166,171,342,433,228,230,141,45,152,159,452,146,280,170,400,134,359,154,272,80,459,144,96,119,481,207,414,386,345,359,461,180,259,173,356,384,393,366,211,1,94,315,256,272,235,71,395,328,122,405,38,304,313,84,407,187,378,188,286,126,221,30,1,58,82,117,385,443,279,383,8,17,368,155,61,323,390,432,247,334,446,225,439,34,375,175,68,1,473,181,364,296,364,268,396,48,350,310,56,136,469,450,471,353,325,203,150,462,317,91,191,51,356,270,77,240,323,392,65,113,425,124,116,437,229,172,213,140,394,397,73,318,472,26,237,139,160,330,3,435,128,331,258,242,373,40,333,369,421,186,302,206,311,429,110,218,183,64,131,240,62,464,476,233,336,176,364,433,328,161,390,456,190,427,387,1,281,22,188,99,247,455,194,399,323,47,453,349,424,142,101,148,441,152,135,421,102,282,155,109,253,266,304,233,221,227,225,88,378,359,480,25,18,290,475,1,9,465,168,34,16,300,460,296,418,208,344,449,112,284,12,250,14,127,259,157,282,55,239,209,53,351,244,42,166,341,338,93,56,347,371,98,1,284,402,31,221,10,431,454,278,197,291,32,92,423,467,21,40,401,1,256,1,252,261,157,247,68,334,429,388,43,4,84,440,275,62,372,367,346,359,473,90,68,263,88,289,94,450,320,245,164,420,298,77,408,182,412,59,123,414,7,1,147,378,268,29,326,102,370,164,470,314,267,442,194,447,177,444,209,299,205,249,436,355,338,467,174,478,308,105,445,203,213,36,11,76,79,104,137,318,13,304,49,99,217,418,479,49,23,288,201,254,411,40,6,148,1,196,251,52,382,347,413,381,183,1,137,46,270,301,263,293,398,243,1,315,1,124,14,121,20,60,293,230,221,86,161,192,211,130,238,107,200,233,145,1,466,351,1,373,113,133,428,75,28,332,120,107,275,215,390,199,343,24,418,306,1,33,163,54,265,306,309
482,141,265,430,5,148,313,477,399,431,3,320,94,218,353,280,341,317,76,287,401,163,453,332,215,120,188,399,1,292,446,109,68,136,173,107,312,300,40,467,456,75,58,132,60,354,49,349,1,51,283,221,220,399,157,19,54,123,350,215,195,227,210,424,1,205,116,182,204,449,378,385,234,69,239,273,322,146,262,84,413,187,378,100,260,134,443,352,91,113,480,252,405,356,457,355,459,191,302,324,395,356,416,302,193,1,191,280,326,169,419,198,367,362,87,393,27,178,176,112,462,406,270,230,311,185,228,62,1,111,63,114,342,460,231,294,6,18,416,254,70,319,374,422,255,386,267,172,428,16,334,314,86,1,471,141,248,259,210,117,245,119,231,314,200,121,474,444,474,388,289,208,339,462,350,98,346,59,389,269,32,299,252,370,51,217,394,320,128,439,169,79,235,129,305,432,107,376,474,21,158,74,369,364,2,330,155,286,365,331,360,29,359,380,332,296,302,138,174,451,166,285,258,117,56,409,25,448,469,223,410,126,363,415,207,123,418,441,176,412,413,1,342,20,48,203,158,461,165,347,66,153,446,408,434,131,151,296,436,96,272,371,213,83,96,276,245,383,308,336,344,375,169,147,373,423,479,46,40,327,468,1,9,464,264,10,11,81,455,318,402,223,347,454,98,212,8,302,6,101,93,123,235,47,152,214,67,306,200,43,126,262,390,181,106,257,239,184,1,252,421,28,138,15,323,445,293,397,316,33,150,425,466,37,31,202,1,195,1,371,175,324,366,61,392,433,280,88,16,37,427,183,64,248,336,381,242,465,134,155,209,125,245,34,452,129,275,189,368,250,81,239,256,298,101,110,435,21,1,228,429,386,34,328,44,345,167,471,382,57,450,265,458,161,440,310,247,186,404,442,270,290,474,162,480,358,225,420,153,226,36,4,54,88,44,180,178,12,218,30,92,160,391,478,40,50,338,336,262,360,25,13,169,1,95,308,140,287,243,438,376,73,1,143,105,104,195,143,407,283,267,1,274,1,103,14,115,23,71,403,296,239,138,76,384,329,80,195,72,278,233,84,1,471,437,1,340,291,78,410,90,24,308,190,145,395,239,282,206,277,42,426,223,1,53,198,65,164,149,134
481,293,349,323,8,202,85,473,403,433,4,84,145,216,341,397,406,282,100,320,400,391,450,329,367,310,61,430,1,175,449,98,70,368,264,202,109,326,27,453,458,76,126,108,143,298,114,325,1,66,157,229,111,180,126,16,100,73,414,128,68,396,347,448,1,185,121,220,163,427,428,167,255,52,224,178,425,122,369,100,305,176,305,253,148,54,446,273,186,247,479,281,277,371,389,290,432,218,309,232,420,338,427,190,147,1,266,202,314,104,354,50,459,355,160,299,37,329,359,59,432,417,353,178,373,91,209,24,1,160,49,60,269,437,244,288,6,31,409,129,46,418,268,362,123,266,242,251,411,22,320,136,36,1,470,162,136,343,239,340,263,112,246,353,127,107,467,381,467,390,402,235,202,462,356,194,416,15,412,284,77,138,316,329,31,284,364,155,142,460,188,116,167,96,291,441,213,255,468,32,142,132,274,399,2,452,231,302,422,363,387,29,429,144,335,261,211,64,268,434,117,150,207,329,113,346,70,462,476,197,351,240,349,404,270,183,227,435,160,443,284,1,301,19,95,212,359,464,168,406,70,110,454,273,423,80,120,134,385,56,415,351,62,237,225,216,257,211,342,234,329,193,124,258,419,371,479,40,67,81,469,1,11,475,195,14,39,271,455,260,83,228,298,422,87,243,7,333,3,182,307,151,227,46,280,191,94,392,172,23,93,320,293,197,137,288,379,132,1,199,345,34,308,6,221,437,311,280,359,20,83,384,472,79,33,294,1,289,1,398,318,87,323,58,236,437,307,63,12,47,410,184,43,222,379,313,323,464,78,106,278,44,393,53,445,313,174,170,451,303,48,216,150,153,92,89,442,21,1,214,395,296,52,157,57,424,205,475,338,130,440,157,458,318,444,147,335,134,220,439,371,408,464,365,479,242,198,447,259,104,35,10,42,41,66,190,384,2,275,55,116,286,231,477,26,38,332,188,406,375,19,9,246,1,223,315,165,338,255,362,386,206,1,152,204,172,263,248,295,345,382,1,377,1,336,13,73,17,28,359,252,233,140,75,180,164,91,119,97,367,193,140,1,471,456,1,402,118,172,374,104,25,377,208,155,380,388,394,180,239,104,413,251,1,88,277,75,249,301,170
482,78,294,374,12,173,167,472,383,447,4,345,191,219,233,396,363,210,98,343,367,296,427,348,318,114,122,446,2,123,457,153,58,260,291,230,91,372,26,470,463,140,76,107,70,228,63,103,1,66,226,175,150,282,152,19,31,118,389,200,88,116,319,449,1,168,161,236,159,453,306,169,251,53,202,135,400,150,337,125,368,225,361,315,312,60,451,292,126,188,480,413,281,296,371,314,461,294,338,262,440,404,353,324,186,1,274,351,236,115,331,98,396,190,97,272,33,245,392,87,456,387,269,344,202,238,241,83,1,129,127,110,422,458,293,425,10,15,417,287,55,286,422,405,163,421,370,120,412,23,353,416,62,1,474,345,184,380,188,131,356,61,403,234,269,132,465,274,474,352,392,274,243,454,302,84,329,24,356,280,40,197,185,443,50,310,432,283,105,419,299,197,175,187,366,434,100,401,468,25,310,178,317,407,2,333,92,207,330,178,429,46,402,310,339,335,261,226,302,409,142,171,331,133,102,195,72,467,477,247,411,306,408,277,85,75,221,385,104,431,172,1,358,21,80,42,144,452,161,359,44,69,374,287,418,89,336,365,327,94,394,444,136,166,145,165,156,289,212,183,232,249,108,348,433,424,477,29,37,108,471,1,6,469,90,11,32,205,448,250,244,284,325,350,92,146,15,284,2,180,322,117,193,40,321,141,71,163,253,48,113,247,381,112,86,153,435,139,1,388,213,29,267,13,274,455,319,333,398,22,58,289,472,46,40,426,1,363,1,306,74,155,326,50,159,445,374,36,5,34,450,101,65,362,255,299,210,462,106,158,246,46,223,73,439,277,216,256,386,267,120,230,262,355,64,210,442,7,1,94,406,322,49,238,82,214,204,465,129,169,438,199,459,378,437,191,377,219,384,460,420,266,477,111,479,234,147,436,342,360,53,17,53,35,37,193,299,9,149,56,96,428,258,481,18,27,313,347,264,430,27,7,136,1,205,306,138,299,148,339,304,207,1,252,119,202,240,177,315,382,134,1,399,1,279,14,174,43,78,216,341,271,142,253,196,258,221,124,68,391,218,76,1,464,441,1,378,241,127,409,228,19,389,264,156,414,369,328,256,374,67,415,395,1,57,215,80,223,181,182
483,407,391,438,4,71,114,473,387,447,3,362,382,239,239,319,296,282,306,376,249,412,436,321,336,254,120,350,2,103,447,110,33,213,328,276,235,394,30,462,411,112,88,78,83,317,165,238,1,49,175,190,179,212,413,20,41,157,367,173,106,257,311,451,1,161,227,384,224,443,355,263,285,81,357,326,403,132,258,124,439,98,230,216,154,38,426,300,268,106,482,194,427,343,403,302,466,221,262,365,260,391,433,285,100,1,182,322,406,140,336,56,416,401,338,317,44,294,201,83,457,271,210,252,188,192,289,50,1,86,55,85,246,452,304,230,7,21,341,108,76,327,428,409,178,268,415,125,440,23,378,320,102,1,471,317,214,381,279,182,421,28,354,172,128,129,476,298,471,394,197,245,243,468,368,67,342,33,396,338,38,235,313,409,62,328,309,209,176,449,247,221,119,89,400,422,237,265,474,45,216,58,243,195,9,464,268,353,345,196,383,47,287,279,398,384,335,203,291,434,142,146,243,176,122,369,53,467,477,155,397,143,359,260,164,229,436,453,263,432,322,1,227,11,108,79,141,458,153,370,139,42,441,219,444,152,112,291,390,82,310,357,148,144,61,155,348,401,101,233,210,208,198,233,436,416,481,25,27,135,460,1,17,470,167,15,24,324,460,375,372,271,363,455,104,255,12,306,6,112,184,136,255,26,138,306,63,332,313,48,94,366,293,221,148,185,399,225,1,409,418,36,188,10,185,455,380,363,241,29,201,302,469,74,53,199,1,221,1,373,95,80,423,87,290,445,405,68,4,64,428,227,73,356,282,360,122,465,190,105,252,59,206,91,449,277,174,158,431,297,46,265,148,387,89,93,413,19,1,279,446,249,35,162,69,325,207,477,334,134,379,258,463,274,454,92,332,158,279,420,419,330,475,302,479,345,160,441,348,136,31,14,50,57,97,99,361,7,180,53,116,145,170,479,17,76,268,233,295,332,38,16,96,1,150,205,130,350,387,216,284,117,1,163,43,218,377,132,308,352,345,1,345,1,130,12,165,22,66,299,247,170,181,75,252,188,121,125,65,274,200,71,1,459,394,1,374,193,40,371,311,32,389,274,170,425,151,127,424,340,114,430,288,1,60,204,70,118,315,168
482,255,324,411,4,57,385,474,315,448,4,150,160,145,373,327,374,238,59,335,401,369,430,281,314,158,68,420,2,151,414,227,52,186,293,281,131,421,37,469,451,176,88,110,109,213,102,272,1,69,361,300,235,340,117,27,49,260,230,201,67,281,317,442,1,286,258,181,365,461,308,195,235,98,321,311,435,300,339,168,419,160,341,279,177,99,454,422,135,112,479,106,376,432,388,289,459,412,319,380,369,440,424,273,264,1,113,210,302,223,366,64,428,411,66,348,40,293,407,43,455,172,261,296,344,75,390,32,1,83,167,79,355,445,263,189,7,22,363,309,84,378,415,370,268,405,325,184,355,17,385,352,51,1,475,119,277,404,316,209,277,72,285,311,160,163,471,328,473,381,239,134,220,467,406,137,242,19,269,230,138,188,336,373,26,311,245,377,83,436,305,205,182,77,251,397,279,385,467,37,217,212,287,362,2,457,121,303,417,322,371,38,330,104,390,154,180,115,199,442,164,141,224,119,58,392,56,463,478,246,423,244,313,320,152,129,233,447,85,394,345,1,324,20,162,90,265,460,232,408,86,61,434,306,429,128,93,171,202,71,298,367,127,133,149,94,359,223,140,289,380,302,203,188,439,402,481,34,29,108,470,1,10,465,102,16,29,219,453,326,350,339,275,449,100,249,8,291,13,225,285,144,170,45,175,198,44,364,175,24,142,352,359,192,184,376,437,97,1,348,253,23,238,14,403,453,332,382,329,22,157,248,476,62,30,272,1,155,1,298,215,81,190,92,418,399,247,51,10,33,445,207,147,235,396,396,359,468,186,241,243,64,117,71,443,290,294,241,346,337,41,260,156,274,106,214,458,26,1,207,344,318,179,146,54,399,107,472,165,119,446,332,451,154,457,127,399,132,355,427,385,431,465,198,480,258,78,438,211,114,53,5,47,46,97,195,295,15,192,35,173,195,139,477,11,43,304,205,263,414,39,6,81,1,169,221,95,416,255,388,332,136,1,179,74,55,250,230,230,426,393,1,342,1,91,13,131,64,48,217,270,167,124,143,149,252,124,227,124,307,208,124,1,462,425,1,357,283,73,349,192,18,335,88,111,409,268,256,90,353,61,433,392,1,32,200,76,103,217,266
483,90,334,345,6,166,69,473,416,461,4,227,298,93,346,271,270,333,149,273,391,200,450,259,286,245,108,445,2,258,432,137,67,213,376,186,315,416,34,454,419,256,164,122,69,171,95,171,1,77,138,160,174,89,193,18,31,217,405,256,96,369,186,452,1,280,234,197,134,455,335,310,351,34,321,400,447,151,406,305,409,128,329,131,236,56,457,242,156,203,482,219,422,437,337,392,428,246,164,353,392,427,411,382,251,1,99,335,439,90,248,59,438,293,188,320,75,422,142,40,467,192,387,298,318,38,323,190,1,87,180,65,399,449,127,420,3,16,426,206,125,301,411,307,208,229,241,150,388,22,339,305,26,1,465,186,212,421,166,300,418,72,362,441,174,120,474,406,476,424,380,143,296,466,266,176,182,76,240,190,46,338,263,367,94,317,431,215,100,444,103,88,157,63,343,358,97,408,477,27,215,162,269,386,5,365,120,381,373,288,359,23,348,231,378,341,309,118,331,366,155,173,268,203,84,390,106,460,478,228,397,197,363,357,263,221,341,448,107,395,310,1,403,63,47,81,197,463,168,325,53,92,463,313,442,105,293,202,229,66,238,313,122,265,109,180,291,287,210,278,282,266,208,296,433,424,480,44,77,116,470,1,9,475,130,19,14,197,456,282,402,282,413,325,104,289,12,329,17,161,370,101,113,51,214,354,80,193,217,36,129,304,312,159,136,327,384,168,1,414,359,29,397,14,261,462,351,348,301,42,120,322,469,84,38,375,1,244,1,249,278,126,263,51,234,443,315,71,10,33,436,323,82,331,343,292,242,451,124,74,307,47,170,55,446,134,237,110,411,382,61,378,117,319,50,60,435,25,1,158,434,251,62,197,67,429,177,468,112,140,453,206,458,210,459,256,394,145,154,384,404,370,472,183,478,276,144,389,225,250,83,20,45,41,147,222,285,6,233,57,140,350,115,481,14,43,327,356,397,253,31,8,177,1,282,276,37,364,226,416,275,86,1,163,132,98,273,378,247,296,368,1,347,1,58,10,79,21,101,340,260,110,147,54,219,253,361,140,31,239,114,153,1,471,401,1,372,151,73,374,179,24,440,223,146,272,355,223,205,184,28,430,232,1,49,303,201,133,189,290
481,127,295,456,4,70,133,468,441,438,3,365,154,197,282,425,307,200,83,397,349,178,446,269,284,131,43,381,1,181,375,174,57,166,433,315,356,421,22,461,443,117,115,90,137,243,61,237,1,110,131,206,334,104,242,26,30,94,221,299,126,297,320,440,1,158,175,148,280,434,378,279,188,26,369,199,388,123,244,109,359,156,334,285,255,109,442,286,101,134,480,143,387,374,400,309,455,214,231,423,266,299,382,390,346,1,219,272,345,160,416,68,395,365,88,389,19,378,323,41,444,193,249,383,196,86,355,30,1,64,56,121,326,436,251,293,6,24,430,150,85,392,432,396,195,415,264,302,450,33,385,261,107,1,475,133,158,403,277,129,287,34,372,321,322,178,470,348,472,163,376,253,319,463,385,166,408,36,403,237,94,363,262,178,84,354,350,255,153,412,340,162,187,72,361,404,96,304,465,31,125,247,272,425,2,446,214,447,331,195,429,54,410,245,411,297,277,247,190,368,112,167,272,231,151,226,46,459,476,202,453,266,420,413,190,76,240,427,148,419,233,1,394,18,78,104,307,463,171,338,73,51,449,331,454,211,284,221,348,70,373,409,181,202,89,205,216,293,97,184,324,315,264,211,419,336,477,27,14,119,469,1,8,471,138,17,17,252,457,278,128,357,370,422,140,172,11,235,2,307,340,105,352,47,67,313,77,290,270,62,140,334,361,143,169,342,353,117,1,219,392,21,168,10,316,425,209,405,204,32,74,225,464,49,37,398,1,326,1,240,155,259,326,40,181,381,145,49,10,53,432,275,40,289,307,337,186,460,149,117,334,59,291,38,451,304,229,102,378,317,52,358,152,237,99,112,417,20,1,361,440,258,65,242,55,414,257,474,310,123,452,249,467,268,449,124,428,256,342,435,437,399,474,235,478,233,80,458,311,275,45,13,66,28,100,225,223,5,208,60,91,228,366,480,35,50,368,217,162,345,23,7,198,1,95,260,58,164,312,401,183,120,1,137,178,190,267,281,227,351,319,1,295,1,174,13,42,45,70,302,288,212,63,158,249,342,114,75,79,185,223,98,1,467,407,1,385,207,92,392,216,15,328,193,135,371,171,146,106,300,83,407,140,1,81,143,87,112,204,329
482,205,216,436,6,150,220,471,393,445,3,157,137,186,244,348,285,323,72,211,158,330,423,320,162,304,49,376,1,145,416,160,61,314,236,113,84,266,27,461,455,217,88,109,59,313,101,232,1,78,290,176,338,105,52,65,44,227,263,295,103,351,252,458,1,198,82,317,188,421,358,365,151,79,252,397,442,355,252,138,392,66,391,344,183,75,456,297,212,94,481,333,374,434,395,202,464,288,282,402,438,366,418,354,142,1,144,393,402,69,320,46,386,346,189,329,29,153,381,49,432,210,335,237,168,76,301,38,1,91,77,53,324,454,224,272,2,18,443,97,101,330,274,441,169,192,372,109,433,21,300,277,33,1,476,226,171,201,239,129,344,55,389,310,308,133,473,419,468,340,380,258,220,466,327,130,378,25,363,181,51,268,316,322,41,400,318,287,140,440,135,351,131,114,397,446,119,271,471,17,207,186,361,237,5,448,195,338,407,291,297,36,385,203,420,266,357,124,230,396,89,151,215,181,69,369,60,447,478,181,343,179,406,449,219,134,307,435,147,444,260,1,341,20,57,119,95,463,311,407,81,269,451,247,425,162,230,386,382,122,255,410,123,87,159,234,288,146,320,292,411,314,126,275,429,361,480,25,31,214,475,1,9,473,79,15,22,174,457,348,281,295,279,437,96,299,14,358,11,256,178,174,229,56,389,205,104,304,184,72,195,413,379,105,225,194,414,86,1,333,242,62,248,8,263,459,252,409,360,23,241,275,471,90,45,262,1,172,1,189,141,312,283,58,143,376,372,54,19,28,414,353,82,405,309,430,328,465,119,112,273,47,222,48,428,235,279,205,425,422,115,439,270,284,164,155,427,12,1,93,400,277,35,208,63,425,260,469,384,166,450,250,460,198,453,246,355,126,332,452,367,336,466,98,476,174,116,412,388,198,37,4,42,107,85,218,400,12,222,32,109,292,431,479,16,40,286,294,367,200,67,7,155,1,74,260,92,371,326,306,169,191,1,135,71,132,363,228,375,370,383,1,351,1,209,10,64,34,192,240,243,128,121,109,212,232,184,148,117,302,165,245,1,462,249,1,324,149,101,348,99,25,337,177,68,416,342,167,139,265,39,404,303,1,30,124,42,256,161,155
483,240,230,433,7,73,95,476,411,458,4,273,134,304,291,410,343,299,63,400,364,355,403,325,242,217,56,439,2,183,386,91,57,380,382,300,397,350,27,470,468,167,93,75,89,271,87,170,1,78,291,186,322,108,286,13,25,199,419,232,164,391,421,441,1,246,152,329,340,423,393,363,249,48,407,332,435,142,240,122,312,103,430,107,216,75,434,110,49,162,482,205,214,414,231,191,446,119,190,375,416,349,417,380,106,1,102,329,237,201,413,61,429,427,169,348,43,262,275,35,393,146,315,260,260,148,319,33,1,188,37,122,210,422,257,350,9,22,378,172,53,414,281,438,260,136,431,132,420,41,337,307,37,1,469,171,360,203,371,258,309,90,436,305,110,104,478,461,463,404,268,174,362,466,306,124,375,40,399,276,41,277,359,358,54,296,343,176,72,455,293,197,200,83,236,437,138,352,465,17,316,67,373,246,3,457,130,373,431,268,377,36,447,96,405,211,181,197,355,418,118,148,145,280,92,310,46,450,473,226,319,180,367,370,151,84,153,444,125,398,184,1,366,39,52,81,224,464,185,332,79,44,445,284,440,127,235,228,412,211,284,302,339,207,99,142,365,335,132,193,388,298,150,274,360,393,479,33,54,161,476,1,6,474,80,16,26,209,454,267,266,341,222,452,248,357,19,406,5,154,144,177,203,70,142,369,68,336,202,140,113,193,345,97,181,219,296,253,1,383,390,62,325,14,278,459,311,337,291,65,71,312,472,88,30,214,1,251,1,195,110,187,321,58,319,409,396,114,15,29,442,242,86,395,316,334,179,467,51,101,271,116,255,46,449,387,307,120,427,379,105,341,271,322,98,156,452,22,1,130,408,205,128,164,135,352,246,471,156,238,442,136,455,229,448,158,385,167,389,425,452,263,476,177,481,289,158,459,300,217,32,12,65,77,60,256,367,10,295,64,74,402,226,480,18,30,347,284,286,166,20,7,115,1,146,265,112,327,250,384,224,94,1,117,85,293,254,329,288,401,425,1,282,1,162,11,125,21,69,372,263,233,189,193,278,240,172,129,24,314,197,160,1,462,355,1,208,100,82,346,221,28,251,139,244,424,302,233,154,329,59,325,213,1,45,222,50,174,121,220
482,115,249,442,5,101,230,473,399,428,7,374,317,202,220,368,419,246,51,168,341,315,429,368,287,157,156,436,1,280,420,243,61,360,405,212,324,234,70,450,445,134,92,238,82,273,69,290,1,78,355,149,162,110,80,27,49,147,350,213,106,342,422,457,1,321,199,246,158,424,443,217,223,37,376,196,434,224,315,85,391,145,391,285,210,34,461,290,154,166,481,191,421,394,356,253,454,343,280,339,410,393,398,209,104,1,99,391,373,159,427,59,379,201,179,340,45,336,142,67,468,186,394,325,415,233,175,96,1,98,42,87,190,437,448,299,3,14,426,152,57,301,387,360,161,319,446,93,431,24,345,332,71,1,466,276,259,363,213,306,227,126,315,134,220,75,471,227,476,358,283,164,205,463,311,117,113,20,386,193,35,255,240,262,44,252,353,365,76,285,384,278,171,124,270,403,186,437,471,21,111,204,328,416,5,452,240,347,405,120,418,47,370,218,259,165,219,146,307,456,189,121,238,171,52,248,56,473,477,109,423,255,328,311,311,115,282,447,243,439,331,1,414,18,95,128,137,459,127,347,140,74,462,326,453,264,108,367,351,175,372,388,181,222,129,257,235,202,122,370,346,194,141,334,400,363,479,22,28,89,459,1,2,465,94,10,19,246,451,292,264,276,333,440,132,227,5,107,12,328,253,148,305,47,308,287,35,337,207,38,87,334,297,168,207,259,425,131,1,407,408,32,351,11,197,449,292,381,353,43,162,267,471,58,47,366,1,274,1,294,118,280,317,61,302,411,417,30,9,53,444,171,142,381,321,363,403,468,72,104,360,68,250,50,435,232,271,100,431,159,30,302,129,357,54,136,412,14,1,101,401,266,29,194,39,211,139,467,188,167,397,328,455,250,458,185,319,178,184,440,349,408,475,199,480,311,144,413,150,113,39,16,26,81,91,181,323,8,205,84,72,376,272,478,41,61,344,113,388,269,24,16,337,1,90,229,77,261,177,267,290,175,1,137,65,237,385,383,294,401,183,1,375,1,122,13,85,23,54,243,304,283,104,96,151,296,154,124,79,216,173,133,1,464,381,1,235,119,65,396,191,32,263,215,297,431,276,378,179,308,64,433,230,1,82,152,63,199,224,299
483,285,311,439,6,185,175,465,236,457,3,346,114,341,277,422,410,360,60,310,424,212,423,435,150,161,69,419,2,272,416,220,52,300,263,255,214,401,44,467,459,153,184,98,102,399,97,249,1,48,171,128,263,425,124,16,38,227,376,204,162,333,309,446,1,381,113,330,237,434,381,198,408,137,326,118,442,192,321,108,397,93,319,92,265,64,445,206,74,261,481,352,431,440,328,289,464,122,240,252,404,316,314,339,293,1,115,438,355,142,343,71,395,242,176,365,40,388,290,41,451,266,339,194,302,96,360,85,1,215,62,83,141,446,296,374,8,26,384,156,79,172,308,207,186,199,174,110,428,32,369,159,74,1,475,157,167,326,178,166,280,104,414,249,229,235,476,409,470,429,210,138,182,470,393,147,282,27,349,193,74,285,282,257,88,169,337,165,217,454,300,69,324,125,259,455,176,380,472,28,143,100,329,389,4,443,150,427,383,355,391,38,349,362,404,246,233,94,341,402,167,222,210,100,90,416,103,461,479,218,433,190,348,335,226,131,411,451,155,432,296,1,337,12,172,121,132,456,229,365,55,66,458,222,441,162,190,359,379,58,357,321,182,277,67,202,218,300,119,196,188,333,320,248,415,390,480,58,28,144,477,1,15,465,145,35,17,368,462,344,202,255,275,450,323,247,14,180,4,164,125,136,352,30,285,241,45,215,402,38,123,303,306,80,116,332,391,187,1,239,238,111,195,18,280,449,355,252,367,20,67,393,470,90,25,257,1,210,1,275,127,145,272,64,135,426,244,51,12,47,443,316,36,421,351,420,270,463,83,147,233,61,233,34,437,120,160,86,373,225,77,374,212,134,152,90,411,21,1,104,413,140,95,87,31,384,139,468,279,83,448,196,460,229,453,268,406,244,267,436,364,363,474,130,481,358,72,418,179,378,56,10,106,56,76,318,398,11,154,46,116,304,396,478,19,23,304,199,190,252,22,7,129,1,112,288,107,345,259,337,293,43,1,169,81,149,201,324,285,347,298,1,371,1,372,9,53,48,109,207,312,290,158,133,330,295,387,231,62,224,316,50,1,473,399,1,370,205,77,406,312,24,244,220,307,255,386,272,272,263,54,377,429,1,42,269,33,98,182,293
482,129,246,418,7,93,207,472,389,436,4,123,53,299,239,411,430,235,118,358,381,372,447,303,178,272,154,456,1,187,437,154,59,294,397,244,400,204,26,468,466,108,82,97,127,273,90,329,1,76,189,151,367,158,144,14,37,258,395,309,79,287,421,446,1,339,215,365,106,439,263,216,292,112,386,377,442,108,387,219,383,125,342,150,194,56,444,334,323,96,480,339,328,345,266,373,463,86,167,406,392,414,306,237,268,1,200,376,317,285,368,71,282,321,232,321,69,339,250,77,377,413,252,349,275,222,356,32,1,101,159,81,212,465,198,315,9,19,419,130,45,375,416,426,224,275,394,190,435,24,400,280,51,1,448,192,361,362,278,135,308,61,331,213,152,163,476,315,474,443,184,213,204,458,391,108,399,36,383,131,52,366,270,237,67,278,396,163,104,453,220,71,170,80,247,421,242,370,468,25,170,58,348,313,3,432,119,337,210,146,298,28,255,133,385,379,310,120,359,423,133,139,223,216,111,351,64,462,477,146,390,173,326,440,218,87,294,438,120,432,412,1,356,14,102,46,170,464,410,314,108,78,387,341,449,114,69,245,343,122,263,424,260,142,278,146,201,404,197,332,370,380,174,176,451,353,480,19,31,249,470,1,2,460,103,8,39,136,457,187,198,291,354,434,163,237,4,228,6,115,157,176,263,21,226,290,123,296,230,40,100,271,288,137,166,319,220,255,1,192,233,66,196,13,373,445,263,301,360,26,141,310,475,48,38,336,1,137,1,350,255,180,292,48,229,402,289,42,18,61,420,275,90,405,233,334,243,461,146,208,159,95,153,63,428,85,210,194,416,185,112,414,319,251,117,126,452,9,1,61,409,201,74,258,16,407,330,471,332,92,459,163,454,268,455,186,381,225,241,431,281,363,472,98,478,182,149,450,167,65,35,11,55,68,46,304,392,17,206,50,163,143,305,479,22,30,327,176,324,364,28,23,204,1,369,283,42,285,127,440,307,83,1,258,53,227,403,179,312,319,345,1,343,1,261,11,84,34,73,300,253,116,182,230,90,156,75,170,57,347,285,94,1,467,429,1,398,268,98,425,325,42,408,248,209,354,427,296,88,181,33,302,351,1,44,132,140,239,105,190
482,338,259,399,7,129,207,477,365,436,5,317,112,213,256,286,268,264,106,352,369,325,454,214,271,82,87,339,1,185,397,150,36,327,169,315,267,398,29,470,441,239,63,142,97,214,183,349,1,90,280,153,376,301,183,24,31,161,430,230,207,198,371,422,1,206,194,312,318,448,394,322,167,65,332,388,443,232,242,73,320,136,354,223,328,79,456,304,152,195,481,224,266,360,409,257,457,82,234,175,403,356,373,324,294,1,136,346,274,219,336,57,384,322,99,334,69,409,379,41,461,187,362,259,291,52,301,58,1,204,55,109,248,439,127,282,3,16,440,173,43,315,435,386,117,288,408,126,329,47,450,176,91,1,459,165,343,347,241,121,344,41,335,314,251,247,472,395,469,424,333,138,280,467,276,101,392,34,406,284,46,191,285,392,88,272,427,122,163,455,181,115,229,104,312,457,153,401,474,28,157,70,319,261,4,451,158,372,276,264,350,76,282,196,403,418,124,233,376,420,91,296,147,138,201,307,51,448,476,191,379,392,310,420,376,77,337,446,105,438,309,1,264,20,156,59,201,465,98,278,53,39,462,366,444,238,86,306,358,96,347,187,116,165,118,113,250,304,185,321,160,399,209,294,288,351,480,33,13,210,467,1,10,463,93,13,19,103,453,384,396,246,390,423,193,244,27,221,6,176,220,141,119,35,307,244,45,147,131,25,75,368,426,102,85,291,331,248,1,388,428,36,311,10,355,464,155,415,279,23,234,382,475,114,25,360,1,339,1,243,226,269,416,62,370,445,300,198,21,44,411,252,68,341,189,417,258,460,201,95,293,49,296,47,418,255,382,133,352,253,54,412,167,304,67,130,436,8,1,158,424,367,144,142,50,401,429,466,381,261,432,240,452,270,431,162,433,228,231,447,211,387,472,93,479,196,88,364,99,183,61,12,38,178,111,203,345,2,218,30,110,151,123,478,18,55,342,299,211,149,40,10,80,1,108,288,165,236,288,224,406,120,1,125,81,273,379,140,226,357,414,1,373,1,170,15,74,22,65,362,325,128,59,144,172,253,107,132,78,179,191,174,1,472,442,1,274,84,63,405,134,17,236,136,146,434,330,222,170,217,71,360,412,1,32,216,72,204,298,179
483,141,333,417,5,381,289,471,454,449,4,155,242,215,242,430,437,290,54,264,395,409,457,164,331,179,51,414,3,230,406,123,58,199,346,286,318,280,17,474,421,188,108,118,147,281,109,326,1,119,125,164,368,195,114,19,29,132,311,340,121,166,279,463,1,253,180,237,268,451,391,170,158,86,308,233,358,214,363,70,376,90,331,288,271,111,383,291,81,190,482,184,335,422,137,358,458,257,212,389,397,409,401,283,194,1,196,366,297,236,370,133,435,210,145,385,22,254,144,32,449,266,362,324,210,112,270,48,1,60,114,67,311,454,272,418,9,24,414,96,80,249,402,347,173,406,364,233,444,23,322,343,52,1,462,262,171,404,292,322,318,36,412,305,73,101,470,212,474,429,326,298,347,467,354,127,404,28,397,92,85,230,311,329,40,301,396,192,146,438,178,223,148,55,308,448,129,305,477,25,350,94,298,425,8,419,251,394,358,168,358,65,313,71,402,151,267,193,285,344,149,242,246,219,73,294,44,459,479,184,355,260,304,440,265,176,229,431,245,432,153,1,391,20,84,88,149,464,208,286,82,163,425,338,451,93,168,160,342,109,372,378,101,233,121,173,334,140,156,227,186,125,296,277,411,377,478,27,34,99,472,1,11,466,65,31,44,261,454,203,352,220,427,414,88,106,15,282,5,162,205,254,259,21,116,388,97,235,283,47,53,386,301,91,272,341,381,294,1,217,316,29,222,11,387,456,294,317,262,42,94,375,476,50,38,314,1,202,1,326,143,123,345,36,400,433,416,77,17,67,433,203,104,423,206,443,139,465,73,107,251,175,221,83,446,168,138,190,328,237,49,350,240,135,57,112,436,11,1,134,367,361,60,128,46,425,227,469,276,100,442,338,460,337,460,274,441,335,201,447,445,383,472,141,481,199,119,439,331,182,75,14,43,56,78,303,225,7,256,35,158,224,258,480,26,60,269,207,353,369,41,2,160,1,131,246,188,391,364,320,409,78,1,209,103,117,355,199,372,380,349,1,379,1,156,13,69,33,39,321,218,180,63,105,277,242,315,130,86,248,186,135,1,468,428,1,371,249,76,374,239,16,301,171,183,391,420,151,177,307,60,399,196,1,64,154,98,274,216,227
482,124,209,439,4,101,68,475,447,451,4,286,201,177,318,397,182,253,83,346,269,391,459,415,225,87,76,411,1,216,348,126,40,164,339,168,135,374,61,465,448,199,219,189,130,279,53,146,1,58,221,186,237,228,73,27,41,100,389,175,104,192,407,456,1,222,313,342,268,443,369,292,405,63,314,179,452,161,338,170,423,158,386,173,185,92,453,364,189,243,480,191,349,362,450,382,437,155,290,301,405,429,401,345,246,1,71,212,242,206,431,50,367,304,56,297,44,384,359,78,416,162,393,372,340,135,265,31,1,131,65,111,296,455,271,202,16,20,380,140,102,414,421,372,197,274,249,266,419,25,428,336,80,1,471,235,300,413,354,262,306,54,384,186,89,81,474,380,473,284,306,157,323,467,399,86,206,19,397,330,42,273,387,311,39,249,269,215,106,444,251,209,162,63,318,442,59,387,469,17,179,280,361,240,7,441,95,460,235,287,278,34,376,159,422,327,204,206,231,432,137,152,173,302,78,310,94,467,477,126,378,172,340,320,211,97,264,448,134,426,183,1,445,23,126,51,122,463,160,390,113,75,436,375,438,129,169,329,445,70,233,326,133,235,112,246,231,322,120,217,336,350,289,206,372,395,479,47,43,156,478,1,9,464,164,10,30,253,458,288,256,285,378,440,166,196,15,277,6,115,281,195,110,36,82,294,73,283,131,56,118,303,358,146,119,281,392,246,1,263,334,26,332,11,425,430,409,352,189,32,138,356,461,68,17,259,1,145,1,402,170,248,255,54,259,432,365,33,8,47,382,365,113,405,214,427,231,470,128,108,324,85,223,49,434,218,223,166,417,259,88,290,331,324,154,68,403,22,1,295,395,305,184,197,46,407,356,472,316,89,457,117,462,311,419,272,343,334,350,393,298,343,467,193,481,237,95,412,308,152,37,14,38,121,35,275,321,3,149,71,108,352,314,476,12,24,368,292,219,435,28,2,98,1,116,227,92,362,299,346,203,62,1,241,99,179,334,266,360,309,200,1,259,1,103,12,84,21,107,181,253,356,104,123,139,239,176,149,66,275,194,45,1,454,419,1,399,141,78,256,152,29,410,148,141,369,143,328,144,225,91,423,376,1,59,318,52,228,243,213
